adc0_data1,adc0_data2,adc0_data3,adc0_data4,adc0_data6,adc0_data7,adc0_data8,adc0_data9,adc0_data10,adc0_data11,adc0_data12,adc1_data0,adc1_data1,adc1_data2,adc1_data3,adc1_data4,adc1_data5,adc1_data6,adc1_data7,adc1_data8,adc1_data9,adc1_data10,adc1_data11,adc1_data13,adc1_data14,adc1_data15,adc2_data0,adc2_data1,adc2_data2,adc2_data3,adc2_data4,adc2_data5,adc2_data6,adc2_data7,adc2_data8,adc2_data9,adc2_data11,adc2_data13,adc2_data14,adc2_data15,adc3_data0,adc3_data2,adc3_data3,adc3_data4,adc3_data5,adc3_data6,adc3_data7,adc3_data8,adc3_data9,adc3_data13
0.0547235943377018,0.018908601254224777,0.018409499898552895,0.07500341534614563,-0.012302435003221035,-0.02524750865995884,-0.02491932362318039,-0.07879339158535004,-0.015541699714958668,-0.11002536118030548,0.0221283957362175,-0.04665328189730644,-0.04362618923187256,0.20274610817432404,-0.0298918504267931,0.036404114216566086,0.08519406616687775,-0.005729531869292259,0.02305491268634796,0.05044408515095711,-0.07687286287546158,0.00862946268171072,0.041069455444812775,0.01984422840178013,-0.15154972672462463,0.26559242606163025,-0.015361012890934944,0.014298219233751297,-0.019449694082140923,-0.019935866817831993,0.027358049526810646,0.015311811119318008,0.10169567167758942,-0.0206574946641922,0.11194803565740585,-0.021714098751544952,0.015980692580342293,-0.07349976152181625,-0.08747970312833786,0.13485725224018097,0.007707165088504553,0.020510777831077576,0.022069284692406654,0.014457819052040577,0.2884269058704376,-0.018022846430540085,-0.03765416145324707,0.027983184903860092,-0.026496194303035736,-0.09245120733976364
0.039274007081985474,0.025681234896183014,0.018409499898552895,0.021719353273510933,-0.04328404366970062,-0.03353486210107803,-0.024824798107147217,-0.0028169751167297363,-0.01576177217066288,-0.11002536118030548,-0.0586821548640728,-0.04665328189730644,0.022140242159366608,-0.17287231981754303,0.12669290602207184,-0.043673884123563766,-0.169709250330925,0.10180813074111938,0.02305491268634796,0.05044408515095711,-0.016636740416288376,0.00862946268171072,-0.005692422855645418,0.011654786765575409,0.06987927854061127,0.030121197924017906,-0.015361012890934944,0.018140200525522232,-0.013102416880428791,-0.02112104371190071,0.05232895538210869,0.006636095233261585,-0.07869294285774231,-0.0206574946641922,0.11194803565740585,-0.022022215649485588,0.01621861755847931,0.018222704529762268,-0.08881934732198715,-0.06788172572851181,0.03547617793083191,0.02177600748836994,0.022069284692406654,0.005260623060166836,-0.04245276749134064,-0.018022846430540085,0.0619589202105999,0.027983184903860092,-0.026496194303035736,0.0034691491164267063
0.01648583821952343,0.023398326709866524,0.018409499898552895,0.03663890063762665,-0.04328404366970062,-0.02883869782090187,-0.024824798107147217,-0.019846174865961075,-0.01576177217066288,-0.11002536118030548,-0.08561898022890091,-0.046335842460393906,-0.04296186566352844,-0.17132651805877686,0.007904449477791786,-0.016060765832662582,-0.00021166601800359786,0.05153077468276024,0.013404631055891514,0.04893961921334267,0.2369890958070755,0.00862946268171072,0.015316534787416458,0.006975105032324791,0.03954654559493065,0.030121197924017906,-0.015361012890934944,0.03811851516366005,-0.020009756088256836,-0.019935866817831993,0.021984582766890526,-0.016614822670817375,-0.14102235436439514,-0.0206574946641922,0.11194803565740585,-0.021714098751544952,0.015980692580342293,-0.07349976152181625,-0.08747970312833786,0.13485725224018097,0.007707165088504553,0.021280916407704353,0.022069284692406654,0.014457819052040577,-0.04245276749134064,-0.018022846430540085,0.04934967681765556,0.027983184903860092,-0.026496194303035736,0.0034691491164267063
0.0547235943377018,0.018908601254224777,0.018409499898552895,0.07287204265594482,-0.011269711889326572,-0.025178449228405952,-0.02491932362318039,-0.07879339158535004,-0.015541699714958668,-0.11002536118030548,0.020543867722153664,-0.04665328189730644,-0.04362618923187256,0.20274610817432404,-0.0298918504267931,0.03612801432609558,0.08388017863035202,-0.007126131094992161,0.02305491268634796,0.05044408515095711,-0.07370258122682571,0.00862946268171072,0.04140831530094147,0.01914227567613125,-0.1500331163406372,0.26559242606163025,-0.015162497758865356,0.014298219233751297,-0.019823066890239716,-0.019935866817831993,0.027041969820857048,0.015658844262361526,0.10096234083175659,-0.0206574946641922,0.11194803565740585,-0.021714098751544952,0.015980692580342293,-0.07349976152181625,-0.08747970312833786,0.13485725224018097,0.007707165088504553,0.02056579478085041,0.022069284692406654,0.014457819052040577,0.2838313579559326,-0.018022846430540085,-0.03891507908701897,0.027983184903860092,-0.026496194303035736,-0.09982971847057343
0.01146471593528986,0.015864720568060875,0.028396692126989365,-0.13813278079032898,-0.03812043368816376,-0.03360392525792122,-0.05232895910739899,0.0718495324254036,0.04585862159729004,0.3743135929107666,-0.004808457102626562,0.030169270932674408,-0.04429049789905548,0.3047659397125244,0.03220205754041672,0.019836273044347763,0.38871288299560547,-0.030868232250213623,-0.12732861936092377,0.057966381311416626,-0.032488346099853516,0.02536732517182827,0.00786174088716507,0.00042355150799266994,-0.018085690215229988,0.19722993671894073,-0.01575806923210621,0.01583501324057579,0.024234537035226822,0.23724864423274994,-0.0004576004866976291,-0.08602052927017212,0.02396722137928009,0.19788900017738342,-0.16698522865772247,-0.01154609490185976,-0.014473995193839073,-0.07540268450975418,-0.04327160865068436,0.007206776645034552,0.007326771039515734,-0.003308531129732728,0.022449878975749016,-0.03152816370129585,-0.04704830050468445,0.013179956935346127,0.06321986019611359,0.033673323690891266,0.01305173709988594,0.0034691491164267063
0.047385040670633316,0.01959347538650036,0.017743689939379692,-0.13600149750709534,0.010417395271360874,-0.01260930672287941,-0.053935762494802475,0.05154547095298767,-0.0014570329803973436,-0.013157587498426437,-0.042836952954530716,-0.04062175005674362,0.13640114665031433,0.14864473044872284,0.04840049520134926,-0.004463261924684048,-0.0054674032144248486,-0.13142289221286774,0.02305491268634796,-0.08194875717163086,0.04359941557049751,0.007970491424202919,0.0159942377358675,0.021482111886143684,0.0638127475976944,0.030121197924017906,0.02692454680800438,-0.07253050059080124,0.03132854402065277,-0.022306226193904877,0.011869793757796288,-0.030495960265398026,0.10316215455532074,-0.02592366375029087,-0.19331800937652588,0.01248734537512064,-0.04469076916575432,0.08254260569810867,0.09605076909065247,-0.12138226628303528,0.06020202487707138,0.021831022575497627,-0.05138605833053589,0.01503264345228672,-0.04704830050468445,-0.01374360453337431,-0.24444593489170074,-0.030340656638145447,0.04942171648144722,0.0034691491164267063
0.05742727592587471,0.0257573239505291,0.07500363886356354,-0.09763690084218979,0.03984991833567619,-0.026559676975011826,-0.03106285072863102,-0.011331572197377682,-0.01598184183239937,-0.013157587498426437,-0.015900103375315666,0.021598173305392265,0.09986419975757599,0.2197495400905609,0.2427816241979599,-0.03180023655295372,-0.169709250330925,0.006839802488684654,-0.021175559610128403,0.05194854736328125,-0.051510270684957504,0.008497671224176884,-0.01653575524687767,0.009080957621335983,0.0729125440120697,0.030121197924017906,-0.015162497758865356,-0.038721077144145966,0.006686163134872913,-0.022306226193904877,0.04284634068608284,-0.018002936616539955,-0.009030688554048538,-0.02592366375029087,-0.1484546810388565,-0.022330330684781075,-0.04183564707636833,0.09814685583114624,-0.09015897661447525,-0.09697852283716202,0.08112391829490662,0.021831022575497627,0.022449878975749016,-0.009109999053180218,-0.04704830050468445,-0.011425687000155449,0.06321986019611359,0.033673323690891266,-0.026849307119846344,0.0034691491164267063
0.05395113304257393,0.0257573239505291,0.09231478720903397,0.16025793552398682,0.08838767558336258,-0.017719849944114685,-0.02444673515856266,-0.08206820487976074,-0.01598184183239937,-0.013157587498426437,-0.06977380067110062,-0.0031628196593374014,0.17028075456619263,0.16255657374858856,0.37236881256103516,-0.037875108420848846,-0.169709250330925,-0.10488764196634293,-0.038867756724357605,0.05194854736328125,-0.08638383448123932,0.008497671224176884,-0.011114089749753475,0.01914227567613125,0.0729125440120697,0.030121197924017906,-0.014566924422979355,-0.06100454181432724,0.01844729483127594,-0.022306226193904877,0.048535920679569244,-0.024596499279141426,0.04963228106498718,-0.023290589451789856,0.11292333155870438,-0.022022215649485588,-0.06348700076341629,0.09776625782251358,-0.08881934732198715,-0.08289943635463715,0.07770031690597534,0.021831022575497627,-0.04110991582274437,0.008134745061397552,-0.04245276749134064,-0.0035804107319563627,0.046827804297208786,0.027983184903860092,-0.026496194303035736,0.0034691491164267063
0.010692237876355648,0.025681234896183014,0.023070188239216805,0.01745661534368992,-0.04328404366970062,-0.03229175880551338,-0.024824798107147217,-0.01067660003900528,-0.01576177217066288,-0.11002536118030548,-0.08244997262954712,-0.046335842460393906,-0.04296186566352844,-0.17132651805877686,0.007904449477791786,-0.02351631224155426,-0.07247800379991531,0.045944396406412125,0.02385910414159298,0.04893961921334267,0.2369890958070755,0.00862946268171072,0.009894865565001965,0.007911039516329765,0.050162993371486664,0.030121197924017906,-0.015361012890934944,0.03811851516366005,-0.020569808781147003,-0.019935866817831993,0.023881109431385994,-0.012797506526112556,-0.14175568521022797,-0.0206574946641922,0.11194803565740585,-0.021714098751544952,0.015980692580342293,-0.07349976152181625,-0.08747970312833786,0.13485725224018097,0.007707165088504553,0.02177600748836994,0.022069284692406654,0.014457819052040577,-0.04245276749134064,-0.018022846430540085,0.04808874428272247,0.027983184903860092,-0.026496194303035736,0.0034691491164267063
0.038887735456228256,0.0257573239505291,0.017743689939379692,-0.13600149750709534,-0.02882593311369419,-0.017029233276844025,-0.047508664429187775,0.01683209277689457,-0.004538050852715969,-0.013157587498426437,-0.06343573331832886,-0.04157409816980362,0.10451433062553406,0.11927538365125656,-0.06228867545723915,-0.006948440335690975,0.06154320761561394,-0.19845940172672272,0.02305491268634796,0.057966381311416626,0.011896181851625443,0.007970491424202919,0.024804439395666122,0.024523910135030746,0.050162993371486664,0.030121197924017906,0.026726024225354195,-0.07253050059080124,0.03132854402065277,-0.02349141053855419,-0.0023541245609521866,-0.06693398207426071,0.10316215455532074,-0.02592366375029087,-0.16698522865772247,0.011562982574105263,-0.03802881017327309,0.06846071779727936,0.05720125511288643,-0.045355189591646194,0.013413126580417156,0.021831022575497627,0.004561799578368664,0.01503264345228672,-0.04704830050468445,0.003908258862793446,-0.04017602279782295,0.01660291850566864,0.03988782688975334,0.0034691491164267063
0.010305993258953094,0.0257573239505291,0.040381334722042084,0.324372798204422,-0.04380039498209953,-0.03353486210107803,-0.057054802775382996,0.03189636394381523,-0.01598184183239937,-0.013157587498426437,-0.06818927079439163,0.030486736446619034,0.036090731620788574,0.2753967046737671,0.01330392062664032,-0.045054513961076736,-0.169709250330925,0.020805733278393745,0.02305491268634796,0.05194854736328125,-0.048339974135160446,0.008497671224176884,0.0014235125854611397,0.005337216891348362,0.07139596343040466,0.08835604786872864,-0.01575806923210621,0.002772290725260973,-0.026170359924435616,-0.022306226193904877,0.03778892755508423,-0.0027336785569787025,-0.09629183262586594,-0.02592366375029087,-0.05385144427418709,-0.022330330684781075,-0.017329130321741104,-0.011082815937697887,-0.09015897661447525,-0.09603988379240036,0.013032730668783188,0.021831022575497627,0.022069284692406654,0.014457819052040577,-0.04245276749134064,-0.01820114627480507,0.0619589202105999,0.027983184903860092,-0.026496194303035736,0.0034691491164267063
0.04390886425971985,0.025681234896183014,0.024401824921369553,0.07926613837480545,-0.04276764392852783,-0.03346579149365425,-0.02491932362318039,-0.07879339158535004,-0.01576177217066288,-0.11002536118030548,-0.09037258476018906,-0.04665328189730644,0.04339807480573654,-0.17287231981754303,0.1725883185863495,-0.043950002640485764,-0.169709250330925,0.11158429831266403,0.01903395913541317,0.05044408515095711,-0.01346640381962061,0.00862946268171072,-0.01009752694517374,0.0146965766325593,0.06987927854061127,0.030121197924017906,-0.015361012890934944,-0.012595626525580883,-0.008995349518954754,-0.02112104371190071,0.051696766167879105,0.0035128353629261255,-0.015630267560482025,-0.0206574946641922,0.11194803565740585,-0.022022215649485588,0.01621861755847931,0.06808006763458252,-0.08881934732198715,-0.08665385097265244,0.048790086060762405,0.02177600748836994,0.022069284692406654,0.014457819052040577,-0.04245276749134064,-0.018022846430540085,0.0619589202105999,0.027983184903860092,-0.026496194303035736,0.0034691491164267063
0.05626858398318291,0.01594080589711666,0.017743689939379692,-0.13600149750709534,0.03520268201828003,-0.00915625412017107,-0.058472517877817154,0.07774423062801361,-0.016421988606452942,-0.013157587498426437,-0.0016394148115068674,-0.041256628930568695,0.1470300555229187,0.12391259521245956,0.024102872237563133,-0.006396178156137466,-0.017292818054556847,-0.14957855641841888,0.02305491268634796,-0.06690406054258347,0.015066497027873993,0.007970491424202919,0.014977674931287766,0.01914227567613125,0.0638127475976944,0.032653145492076874,0.0291083175688982,-0.07406727224588394,0.03132854402065277,-0.022306226193904877,0.012818058021366596,-0.030148956924676895,0.10316215455532074,-0.02592366375029087,-0.18844155967235565,0.013719823211431503,-0.04373907297849655,0.09472151845693588,0.11346609890460968,-0.12607526779174805,0.12486965954303741,0.021831022575497627,-0.0628039613366127,0.01503264345228672,0.01728939637541771,-0.01748794876039028,-0.36171194911003113,-0.060213834047317505,0.06389904022216797,0.0034691491164267063
0.03772905468940735,0.02438759244978428,0.017743689939379692,-0.13600149750709534,-0.024695079773664474,-0.016338618472218513,-0.0506276898086071,0.026656623929739,0.011747346259653568,-0.013157587498426437,-0.031745318323373795,-0.04093920439481735,0.0972069650888443,0.1362786889076233,-0.10818424075841904,-0.011090402491390705,0.09044982492923737,-0.18868321180343628,0.02305491268634796,0.05646195635199547,0.040429096668958664,0.007970491424202919,0.024804439395666122,0.028501637279987335,0.06532938778400421,0.12127138674259186,0.02374817058444023,-0.07483568787574768,0.03132854402065277,-0.022306226193904877,-0.007411516737192869,-0.06554587930440903,0.10316215455532074,-0.02592366375029087,-0.15235581994056702,0.015568549744784832,-0.03874259814620018,0.0772143229842186,0.07059769332408905,-0.02282862551510334,0.007326771039515734,0.021831022575497627,-0.007997924461960793,0.01503264345228672,-0.04704830050468445,-0.00910776387900114,-0.04648064076900482,-0.009002667851746082,0.04130026325583458,0.0034691491164267063
0.009919756092131138,0.0257573239505291,0.017743689939379692,-0.13600149750709534,-0.04380039498209953,-0.03360392525792122,-0.0643325224518776,0.04696066305041313,-0.01598184183239937,0.3743135929107666,0.011036748997867107,0.038105498999357224,-0.040304653346538544,0.32176920771598816,0.007904449477791786,-0.05195779725909233,-0.11977967619895935,0.037564847618341446,0.02305491268634796,-0.18124330043792725,-0.08638383448123932,0.029980110004544258,0.00176236720290035,0.0013594889314845204,0.0729125440120697,0.032653145492076874,-0.01575806923210621,0.04503403976559639,-0.034944526851177216,-0.02349141053855419,0.03873720020055771,0.016352897509932518,-0.14028911292552948,-0.02592366375029087,-0.16405929625034332,0.030974585562944412,-0.008763748221099377,-0.07578326761722565,0.04514453560113907,-0.11011900752782822,0.007326771039515734,0.021831022575497627,0.022449878975749016,0.01503264345228672,-0.04704830050468445,-0.01820114627480507,0.06321986019611359,-0.1014673039317131,0.004224071744829416,0.010847632773220539
0.04120519012212753,0.0257573239505291,0.017743689939379692,-0.13600149750709534,-0.04380039498209953,-0.03360392525792122,-0.0550699308514595,0.058095138520002365,-0.01598184183239937,-0.013157587498426437,-0.08720352500677109,0.03842294588685036,0.0015467278426513076,0.27075934410095215,0.17798781394958496,-0.05251004174351692,-0.16576743125915527,0.14649908244609833,0.005362723022699356,0.05194854736328125,-0.06419157981872559,0.008497671224176884,-0.01518033817410469,0.004401281010359526,0.07139596343040466,0.030121197924017906,-0.01575806923210621,0.02044540084898472,-0.021876592189073563,-0.022306226193904877,0.0453750379383564,0.007330151740461588,-0.08382599800825119,-0.02592366375029087,-0.1474793702363968,-0.022330330684781075,-0.010191311128437519,0.09814685583114624,-0.09015897661447525,-0.1007329449057579,0.021401477977633476,0.021831022575497627,0.022069284692406654,0.014457819052040577,-0.04245276749134064,-0.018022846430540085,0.0619589202105999,0.027983184903860092,-0.026496194303035736,0.0034691491164267063
0.03657032549381256,0.024691974744200706,0.017743689939379692,-0.13600149750709534,-0.024695079773664474,-0.01668393239378929,-0.05072217434644699,0.026656623929739,0.014608284458518028,-0.013157587498426437,-0.04125243052840233,-0.03935195878148079,0.09521405398845673,0.13937026262283325,-0.10278473049402237,-0.010814279317855835,0.09176375716924667,-0.18449349701404572,0.02305491268634796,0.04893961921334267,0.04359941557049751,0.007970491424202919,0.02412673644721508,0.02779967524111271,0.06532938778400421,0.11367560178041458,0.023152600973844528,-0.07483568787574768,0.03132854402065277,-0.022306226193904877,-0.007095431908965111,-0.06554587930440903,0.10316215455532074,-0.02592366375029087,-0.15430644154548645,0.01587667688727379,-0.03898051753640175,0.07607249170541763,0.06925801932811737,-0.024705832824110985,0.007326771039515734,0.021831022575497627,-0.009900915436446667,0.014457819052040577,-0.04704830050468445,-0.009820975363254547,-0.027566757053136826,-0.009002667851746082,0.04024091735482216,0.0034691491164267063
0.0547235943377018,0.018071526661515236,0.017743689939379692,-0.13600149750709534,0.025908194482326508,-0.010054044425487518,-0.05610959604382515,0.060715027153491974,-0.009379652328789234,-0.013157587498426437,-0.02857627347111702,-0.04220900312066078,0.15699465572834015,0.12854991853237152,0.026802631095051765,-0.00860522873699665,-0.018606746569275856,-0.1481819897890091,0.02305491268634796,-0.0789397731423378,0.034088436514139175,0.007970491424202919,0.01396111398935318,0.020312193781137466,0.0729125440120697,0.032653145492076874,0.030299445614218712,-0.07867764681577682,0.03132854402065277,-0.02349141053855419,0.012185875326395035,-0.028760818764567375,0.10316215455532074,-0.02592366375029087,-0.1913674771785736,0.01310358289629221,-0.044928696006536484,0.09586329013109207,0.11614535003900528,-0.1335841566324234,0.1024262085556984,0.021831022575497627,-0.06394576281309128,0.01503264345228672,-0.04704830050468445,-0.013921912759542465,-0.3011876046657562,-0.043143462389707565,0.05436518043279648,0.0034691491164267063
0.035025350749492645,0.02187638357281685,0.018409499898552895,0.09418568760156631,-0.04328404366970062,-0.024902217090129852,-0.024824798107147217,-0.030980639159679413,-0.01576177217066288,-0.11002536118030548,-0.10146421194076538,-0.046335842460393906,-0.04296186566352844,-0.17132651805877686,0.005204713437706232,-0.01164267398416996,0.06154320761561394,0.05991034209728241,-0.012329453602433205,0.04893961921334267,0.2369890958070755,0.00862946268171072,0.01701081357896328,0.007443074602633715,0.03196335583925247,0.030121197924017906,-0.015361012890934944,0.03197132796049118,-0.01608937233686447,-0.011639593169093132,0.024197187274694443,-0.023555392399430275,-0.13295620679855347,-0.0206574946641922,0.11194803565740585,-0.021714098751544952,0.015980692580342293,-0.07349976152181625,-0.08747970312833786,0.13485725224018097,0.007707165088504553,0.0170451570302248,0.022069284692406654,0.014457819052040577,-0.04245276749134064,-0.016596436500549316,0.05817615985870361,0.027983184903860092,-0.026496194303035736,0.0034691491164267063
0.047385040670633316,0.025681234896183014,0.024401824921369553,0.05582115426659584,-0.02882593311369419,-0.03346579149365425,-0.02491932362318039,-0.07879339158535004,-0.01576177217066288,-0.11002536118030548,-0.02857627347111702,-0.046335842460393906,0.06797748804092407,-0.17132651805877686,0.21848389506340027,-0.03428540751338005,-0.169709250330925,0.11856723576784134,0.0021459634881466627,0.04893961921334267,0.2369890958070755,0.00862946268171072,-0.01145294588059187,0.016334466636180878,0.06987927854061127,0.030121197924017906,-0.013375777751207352,-0.02642674371600151,0.004072579089552164,-0.019935866817831993,0.051064588129520416,-0.011409392580389977,-0.0024311013985425234,-0.0206574946641922,0.11194803565740585,-0.021714098751544952,0.015980692580342293,-0.07349976152181625,-0.08747970312833786,0.13485725224018097,0.06895116716623306,0.02177600748836994,0.022069284692406654,0.014457819052040577,-0.04245276749134064,-0.015526623465120792,0.0619589202105999,0.027983184903860092,-0.026496194303035736,0.0034691491164267063
0.052792418748140335,0.0257573239505291,0.0556950569152832,0.02811344526708126,-0.04328404366970062,-0.031186766922473907,-0.047508664429187775,0.018796999007463455,-0.01598184183239937,-0.013157587498426437,-0.06818927079439163,0.024455202743411064,0.09388548135757446,0.23366130888462067,0.16448916494846344,-0.045054513961076736,-0.169709250330925,0.02499551884829998,0.010187866166234016,0.05194854736328125,-0.07370258122682571,0.008497671224176884,-0.008403255604207516,0.012122753076255322,0.07139596343040466,0.12127138674259186,-0.013772829435765743,-0.02642674371600151,-0.00936872512102127,-0.022306226193904877,0.044742852449417114,-0.004468821454793215,-0.03102927841246128,-0.023290589451789856,0.11292333155870438,-0.022022215649485588,-0.026846228167414665,0.09852742403745651,-0.08881934732198715,-0.08571523427963257,0.05982164666056633,0.021831022575497627,0.022069284692406654,-0.010259651578962803,-0.04245276749134064,-0.018022846430540085,0.0619589202105999,0.027983184903860092,-0.026496194303035736,0.0034691491164267063
0.049702487885951996,0.0257573239505291,0.017743689939379692,-0.13600149750709534,0.055857088416814804,-0.013092742301523685,-0.06546669453382492,-0.026395849883556366,-0.01664205640554428,-0.013157587498426437,-0.1284010261297226,-0.023479517549276352,0.15035156905651093,0.15946505963802338,0.2076849639415741,-0.027106011286377907,0.016869479790329933,-0.15237180888652802,0.012600439600646496,-0.026283560320734978,-0.019807061180472374,0.008893050253391266,-0.01009752694517374,0.012824700213968754,0.0729125440120697,0.030121197924017906,0.018586549907922745,-0.067151740193367,0.03132854402065277,-0.022306226193904877,0.009341103956103325,-0.03327220305800438,0.10316215455532074,-0.02592366375029087,-0.18649104237556458,0.019574124366044998,-0.04088394716382027,0.09738557785749435,0.16571193933486938,-0.1401544213294983,0.013032730668783188,0.021831022575497627,-0.0818338543176651,0.013308164663612843,-0.04704830050468445,-0.0037587140686810017,0.06321986019611359,0.033673323690891266,0.028941519558429718,0.0034691491164267063
0.010305993258953094,0.0257573239505291,0.017743689939379692,-0.13600149750709534,-0.04380039498209953,-0.03360392525792122,-0.06471056491136551,0.05023551732301712,-0.01598184183239937,0.3743135929107666,0.03005100227892399,0.04064508154988289,-0.04495476931333542,0.3294980823993683,0.005204713437706232,-0.056375883519649506,-0.11583790928125381,0.031978487968444824,0.02305491268634796,-0.14814509451389313,-0.07370258122682571,0.029452955350279808,0.0007458053878508508,0.00042355150799266994,0.0729125440120697,0.032653145492076874,-0.01575806923210621,0.052718017250299454,-0.03681138530373573,-0.02349141053855419,0.024197187274694443,0.01669991947710514,-0.14468878507614136,-0.02592366375029087,-0.16405929625034332,0.034980155527591705,-0.010667162947356701,-0.07578326761722565,0.05720125511288643,-0.10354875028133392,0.007326771039515734,0.021831022575497627,0.022449878975749016,0.01503264345228672,-0.04704830050468445,-0.01820114627480507,0.06321986019611359,-0.10431240499019623,0.004224071744829416,0.010847632773220539
0.024983108043670654,0.0257573239505291,0.017743689939379692,-0.13600149750709534,-0.04380039498209953,-0.01806514337658882,-0.04580734297633171,-0.01067660003900528,-0.01664205640554428,-0.013157587498426437,-0.06660473346710205,-0.048240501433610916,0.11580760031938553,0.06826549023389816,-0.21887342631816864,-0.018545949831604958,0.09439162164926529,-0.25152984261512756,0.02064233273267746,0.057966381311416626,0.0023852058220654726,0.007970491424202919,0.027515282854437828,0.035053178668022156,0.0729125440120697,0.09595188498497009,0.03208618238568306,-0.09097198396921158,0.03132854402065277,-0.02349141053855419,-0.009624124504625797,-0.08185623586177826,0.10316215455532074,-0.02592366375029087,-0.08701137453317642,0.012179222889244556,-0.034697819501161575,0.08901263028383255,0.04916345700621605,0.040058013051748276,0.007326771039515734,0.021831022575497627,0.022449878975749016,0.01503264345228672,-0.04704830050468445,-1.4379603271663655e-05,0.022870248183608055,0.033673323690891266,0.03000086173415184,0.0034691491164267063
0.010305993258953094,0.0257573239505291,0.017743689939379692,-0.13600149750709534,-0.04380039498209953,-0.03360392525792122,-0.06461606174707413,0.05023551732301712,-0.01598184183239937,0.3743135929107666,0.03322004899382591,0.04127997159957886,-0.04495476931333542,0.33104389905929565,0.007904449477791786,-0.056375883519649506,-0.11583790928125381,0.031978487968444824,0.02305491268634796,-0.1466405838727951,-0.07687286287546158,0.029452955350279808,0.0007458053878508508,0.00042355150799266994,0.0729125440120697,0.032653145492076874,-0.01575806923210621,0.052718017250299454,-0.03699807450175285,-0.02349141053855419,0.023881109431385994,0.017393983900547028,-0.1454220563173294,-0.02592366375029087,-0.16600991785526276,0.034980155527591705,-0.01090509258210659,-0.07578326761722565,0.06657872349023819,-0.10261014848947525,0.007326771039515734,0.021831022575497627,0.022449878975749016,0.01503264345228672,-0.04704830050468445,-0.01820114627480507,0.06321986019611359,-0.102889783680439,0.0038709607906639576,0.010847632773220539
0.058972228318452835,0.025681234896183014,0.06501641869544983,0.021719353273510933,0.12401656806468964,-0.018893878906965256,-0.02491932362318039,-0.07879339158535004,-0.01576177217066288,-0.11002536118030548,-0.017484622076153755,-0.046335842460393906,0.12245068699121475,-0.09403875470161438,0.32917308807373047,-0.027106011286377907,-0.169709250330925,-0.0029363499488681555,-0.04369288310408592,0.04893961921334267,0.2369890958070755,0.00862946268171072,-0.11141490936279297,0.013526654802262783,0.06987927854061127,0.030121197924017906,-0.00047173359780572355,-0.04640504717826843,0.03095516748726368,-0.019935866817831993,0.04347849637269974,-0.028760818764567375,0.0012353374622762203,-0.0206574946641922,0.11194803565740585,-0.021714098751544952,0.015980692580342293,-0.07349976152181625,-0.08747970312833786,0.13485725224018097,0.08759067952632904,0.02177600748836994,0.020927488803863525,-0.001637276727706194,-0.04245276749134064,-0.006076632998883724,0.0619589202105999,0.027983184903860092,-0.026496194303035736,0.0034691491164267063
0.06128967925906181,0.025681234896183014,0.03904971480369568,0.13041886687278748,0.027973609045147896,-0.03187739849090576,-0.024824798107147217,-0.07879339158535004,-0.01576177217066288,-0.11002536118030548,-0.03808339685201645,-0.046335842460393906,0.0918925553560257,-0.17750948667526245,0.1806875616312027,-0.02876278944313526,-0.1710231453180313,0.01521935686469078,-0.01956716552376747,0.04893961921334267,0.2369890958070755,0.00862946268171072,-0.11141490936279297,0.013292680494487286,0.06987927854061127,0.052908752113580704,0.0019105543615296483,-0.04102625325322151,0.020314157009124756,-0.019935866817831993,0.04316241294145584,-0.023208357393741608,-0.03249586746096611,-0.0206574946641922,0.11194803565740585,-0.021714098751544952,0.015980692580342293,-0.07349976152181625,-0.08747970312833786,0.13579581677913666,0.08264545351266861,0.02177600748836994,0.02054690010845661,-0.024055445566773415,-0.04245276749134064,-0.008929463103413582,0.0619589202105999,0.027983184903860092,-0.026496194303035736,-0.026044808328151703
0.039274007081985474,0.02301783300936222,0.017743689939379692,-0.13600149750709534,-0.010753354988992214,-0.015302695333957672,-0.05119476467370987,0.02731161005795002,0.017689302563667297,-0.013157587498426437,-0.06026668846607208,-0.0345902293920517,0.06465592235326767,0.13782447576522827,-0.16487863659858704,-0.010814279317855835,0.13906535506248474,-0.1928730010986328,0.009383676573634148,0.05646195635199547,0.040429096668958664,0.007970491424202919,0.02141590788960457,0.025225868448615074,0.062296122312545776,0.16937847435474396,0.018189508467912674,-0.0717620700597763,0.03132854402065277,-0.022306226193904877,-0.005831081885844469,-0.08289729803800583,0.10316215455532074,-0.02592366375029087,-0.1250477135181427,0.016492927446961403,-0.03636331483721733,0.07797545939683914,0.059880565851926804,0.00908399187028408,0.007326771039515734,0.021831022575497627,-0.01637106016278267,0.01503264345228672,-0.04245276749134064,-0.010712477378547192,-0.04143694415688515,-0.016115335747599602,0.042712703347206116,0.0034691491164267063
0.05124744772911072,0.0198217686265707,0.018409499898552895,0.2156733125448227,-0.04276764392852783,-0.027319347485899925,-0.02491932362318039,-0.07879339158535004,-0.01576177217066288,-0.11002536118030548,0.04589620232582092,-0.046335842460393906,-0.04296186566352844,-0.17132651805877686,-0.021792642772197723,0.015694305300712585,0.13775146007537842,0.022202327847480774,0.02385910414159298,0.04893961921334267,0.2369890958070755,0.00862946268171072,0.03835860639810562,0.003465343965217471,-0.03931860625743866,0.030121197924017906,-0.015361012890934944,0.04272887483239174,-0.023930132389068604,-0.019935866817831993,0.018191542476415634,0.012882610782980919,-0.10362467914819717,-0.0206574946641922,0.11194803565740585,-0.021714098751544952,0.015980692580342293,-0.07349976152181625,-0.08747970312833786,0.13485725224018097,0.007707165088504553,0.01825537532567978,0.022069284692406654,0.014457819052040577,-0.04245276749134064,-0.018022846430540085,-0.04900247976183891,0.027983184903860092,-0.026496194303035736,0.0034691491164267063
0.04699881002306938,0.009929145686328411,0.018409499898552895,0.01106254756450653,-0.04121861234307289,-0.02890777215361595,-0.02491932362318039,-0.07879339158535004,-0.01576177217066288,-0.11002536118030548,-0.04125243052840233,-0.046335842460393906,-0.04296186566352844,-0.17132651805877686,0.05649971589446068,0.03999381884932518,0.16271619498729706,0.05851372703909874,-0.07344792038202286,0.04893961921334267,0.2369890958070755,0.008761255070567131,-0.11107607930898666,0.019376253709197044,-0.08936762809753418,0.42257365584373474,-0.015361012890934944,-0.0018380846595391631,0.03095516748726368,0.0630268082022667,0.01345023326575756,-0.07595672458410263,0.054765306413173676,-0.0206574946641922,0.11194803565740585,-0.021714098751544952,0.015980692580342293,-0.07349976152181625,-0.08747970312833786,0.13485725224018097,0.007707165088504553,-0.0033635389991104603,0.02054690010845661,0.014457819052040577,-0.04245276749134064,-0.0157049298286438,0.01656562089920044,0.027983184903860092,-0.026496194303035736,-0.003909338265657425
0.0346391387283802,0.024615870788693428,0.017743689939379692,-0.13600149750709534,-0.02108054608106613,-0.016269557178020477,-0.05110026150941849,0.02927650883793831,0.019890034571290016,-0.013157587498426437,-0.04442148655653,-0.03522512689232826,0.08392084389925003,0.14864473044872284,-0.0865863710641861,-0.007224571891129017,0.10227519273757935,-0.1733207404613495,0.02305491268634796,0.027877138927578926,0.034088436514139175,0.007970491424202919,0.02243245765566826,0.025225868448615074,0.060779452323913574,0.12127138674259186,0.01997622847557068,-0.06945689022541046,0.03132854402065277,-0.02349141053855419,-0.0048828222788870335,-0.06034044548869133,0.10316215455532074,-0.02592366375029087,-0.16210873425006866,0.014644185081124306,-0.03945637121796608,0.07150546461343765,0.05720125511288643,-0.034091901034116745,0.007326771039515734,0.021831022575497627,-0.015990469604730606,0.01503264345228672,-0.04704830050468445,-0.011069083586335182,-0.020001204684376717,-0.007580137345939875,0.04059404134750366,0.0034691491164267063
0.046612586826086044,0.025681234896183014,0.07700105756521225,-0.023039253428578377,0.02745727449655533,-0.026697808876633644,-0.024824798107147217,-0.07879339158535004,-0.01576177217066288,-0.11002536118030548,-0.2741769850254059,-0.046335842460393906,-0.04296186566352844,-0.17132651805877686,-0.01639316976070404,-0.02185951918363571,0.4320726990699768,-0.1928730010986328,-0.13858731091022491,0.04893961921334267,0.2369890958070755,0.008761255070567131,-0.11141490936279297,0.004635263234376907,-0.08330108970403671,0.030121197924017906,-0.015361012890934944,0.011993039399385452,0.03095516748726368,0.14717473089694977,-0.003302384866401553,-0.06589286029338837,-0.04496173560619354,-0.0206574946641922,0.11194803565740585,-0.021714098751544952,0.015980692580342293,-0.07349976152181625,-0.08747970312833786,0.13485725224018097,0.03585657849907875,0.00807853415608406,0.02054690010845661,-0.03900088742375374,0.05405380204319954,-0.01267379429191351,0.0619589202105999,0.027983184903860092,-0.026496194303035736,-0.026044808328151703
0.012623434886336327,0.0150276655331254,0.03039413131773472,-0.13813278079032898,-0.037087712436914444,-0.03332768753170967,-0.05232895910739899,0.07577936351299286,0.049599841237068176,0.3743135929107666,-0.003223935142159462,0.030804168432950974,-0.04429049789905548,0.30631181597709656,0.04570075869560242,0.020388536155223846,0.38477110862731934,-0.023885242640972137,-0.12572023272514343,0.057966381311416626,-0.029318025335669518,0.025630908086895943,0.007522887550294399,0.00042355150799266994,-0.019602308049798012,0.18203817307949066,-0.01575806923210621,0.01583501324057579,0.02367447502911091,0.23606334626674652,0.0011228350922465324,-0.08602052927017212,0.026167094707489014,0.2031552940607071,-0.16893576085567474,-0.01154609490185976,-0.014711925759911537,-0.07578326761722565,-0.04327160865068436,0.005329564213752747,0.007326771039515734,-0.003308531129732728,0.022449878975749016,-0.03152816370129585,-0.04704830050468445,0.012823350727558136,0.06321986019611359,0.033673323690891266,0.01305173709988594,0.0034691491164267063
0.009919756092131138,0.025833431631326675,0.017077874392271042,-0.13813278079032898,-0.04380039498209953,-0.03360392525792122,-0.06471056491136551,0.048925600945949554,-0.016862139105796814,0.3743135929107666,0.0221283957362175,0.03969273343682289,-0.04495476931333542,0.3279523253440857,0.005204713437706232,-0.056375883519649506,-0.12372143566608429,0.037564847618341446,0.02305491268634796,-0.17071205377578735,-0.06419157981872559,0.029452955350279808,6.809755723224953e-05,0.00042355150799266994,0.0729125440120697,0.032653145492076874,-0.01575806923210621,0.049644406884908676,-0.03681138530373573,-0.02349141053855419,0.02482936717569828,0.016352897509932518,-0.14102235436439514,-0.02592366375029087,-0.16308408975601196,0.034980155527591705,-0.011143018491566181,-0.07578326761722565,0.027729230001568794,-0.10730321705341339,0.007326771039515734,0.021831022575497627,0.022449878975749016,0.01503264345228672,-0.04704830050468445,-0.01820114627480507,0.06321986019611359,-0.10715745389461517,0.005636497400701046,0.010847632773220539
0.01146471593528986,0.0257573239505291,0.017743689939379692,-0.13813278079032898,-0.0334731861948967,-0.03360392525792122,-0.05091121792793274,0.05416533350944519,0.03309440240263939,0.3743135929107666,-0.01906914822757244,0.029851816594600677,-0.04429049789905548,0.2954915761947632,-0.00019475682347547263,0.02011239342391491,0.42024722695350647,-0.040644362568855286,-0.1313495635986328,0.057966381311416626,-0.04199931025505066,0.02325860969722271,0.010572574101388454,0.00042355150799266994,-0.01656905934214592,0.2022937834262848,-0.01575806923210621,0.017371809110045433,0.0277815293520689,0.24554482102394104,-0.007411516737192869,-0.08602052927017212,0.004901772364974022,0.12416253238916397,-0.14357824623584747,-0.012470456771552563,-0.007336184848099947,-0.07540268450975418,-0.04729054495692253,0.02504030428826809,0.007326771039515734,-0.003308531129732728,0.022449878975749016,-0.02750440128147602,-0.04704830050468445,0.010327121242880821,0.06321986019611359,0.033673323690891266,0.014464151114225388,0.0034691491164267063
0.049702487885951996,0.024615870788693428,0.06168734282255173,0.09418568760156631,0.05069345980882645,-0.019653545692563057,-0.024824798107147217,-0.07879339158535004,-0.01576177217066288,-0.11002536118030548,-0.23456403613090515,-0.046335842460393906,-0.04296186566352844,-0.17132651805877686,0.024102872237563133,-0.009709754958748817,0.4031664729118347,-0.17471721768379211,-0.11124491691589355,0.04893961921334267,0.2369890958070755,0.00862946268171072,-0.11141490936279297,0.01680244319140911,0.015280338935554028,0.030121197924017906,-0.015361012890934944,0.010456244461238384,0.03095516748726368,0.1602117419242859,0.013766315765678883,-0.03847762942314148,-0.16668736934661865,-0.0206574946641922,0.11194803565740585,-0.021714098751544952,0.015980692580342293,-0.07349976152181625,-0.08747970312833786,0.13579581677913666,0.021781878545880318,0.013524509035050869,0.02054690010845661,-0.025779908522963524,0.11379597336053848,-0.00910776387900114,0.0619589202105999,0.027983184903860092,-0.026496194303035736,-0.026044808328151703
0.055882323533296585,0.025681234896183014,0.08965153992176056,0.32011014223098755,-0.030375026166439056,-0.031739264726638794,-0.02491932362318039,-0.07879339158535004,-0.01576177217066288,-0.11002536118030548,-0.042836952954530716,-0.04665328189730644,0.07129901647567749,-0.17287231981754303,0.21038465201854706,-0.041464824229478836,-0.169709250330925,0.07108310610055923,-0.0018749898299574852,0.05044408515095711,-0.1529606431722641,0.00862946268171072,-0.01924658939242363,0.010250880382955074,0.06987927854061127,0.030121197924017906,-0.015559538267552853,-0.01874278485774994,0.0008989344350993633,-0.02112104371190071,0.059598930180072784,-0.015573741868138313,-0.044228460639715195,-0.023290589451789856,0.11292333155870438,-0.022022215649485588,-0.01970839872956276,0.09814685583114624,-0.08881934732198715,-0.06975895166397095,0.06210402399301529,0.02177600748836994,0.022069284692406654,0.005835448857396841,-0.04245276749134064,-0.018022846430540085,0.0619589202105999,0.027983184903860092,-0.026496194303035736,0.0034691491164267063
0.0369565449655056,0.025148551911115646,0.017743689939379692,-0.13600149750709534,-0.018498750403523445,-0.015509873628616333,-0.0506276898086071,0.02403675578534603,0.011967412196099758,-0.013157587498426437,-0.05075954645872116,-0.037129826843738556,0.10318576544523239,0.14864473044872284,-0.04069080948829651,-0.00860522873699665,0.07599648833274841,-0.167734295129776,0.02305491268634796,-0.01876123622059822,0.03725877031683922,0.007970491424202919,0.01836623065173626,0.021482111886143684,0.062296122312545776,0.030121197924017906,0.021961454302072525,-0.07022534310817719,0.03132854402065277,-0.022306226193904877,-0.00014151271898299456,-0.05339984595775604,0.10316215455532074,-0.02592366375029087,-0.17966397106647491,0.01310358289629221,-0.041597720235586166,0.07455018162727356,0.07595621049404144,-0.06694310903549194,0.007326771039515734,0.021831022575497627,-0.030453167855739594,0.01503264345228672,-0.04245276749134064,-0.009999273344874382,-0.01243565697222948,-0.001890008570626378,0.03812228888273239,0.0034691491164267063
0.048157524317502975,0.0257573239505291,0.0556950569152832,0.1112365573644638,-0.04380039498209953,-0.03353486210107803,-0.051572855561971664,0.026001665741205215,-0.01598184183239937,-0.013157587498426437,-0.0982951670885086,0.028582027181982994,0.07329192012548447,0.24911880493164062,0.1023952066898346,-0.051129404455423355,-0.169709250330925,0.029185285791754723,0.02305491268634796,0.05194854736328125,-0.06102127209305763,0.008497671224176884,-0.0050147161819040775,0.010016891174018383,0.0729125440120697,0.13646310567855835,-0.015559538267552853,-0.014132419601082802,-0.015342636033892632,-0.022306226193904877,0.042530257254838943,-0.002386651001870632,-0.053761206567287445,-0.023290589451789856,0.11292333155870438,-0.022022215649485588,-0.02066010981798172,0.09814685583114624,-0.08881934732198715,-0.08102218061685562,0.056017663329839706,0.021831022575497627,0.022069284692406654,0.0046857972629368305,-0.04245276749134064,-0.01820114627480507,0.0619589202105999,0.027983184903860092,-0.026496194303035736,0.0034691491164267063
0.0485437735915184,0.025681234896183014,0.0523659884929657,0.2476438730955124,-0.04328404366970062,-0.03353486210107803,-0.02491932362318039,-0.07879339158535004,-0.01576177217066288,-0.11002536118030548,-0.10146421194076538,-0.046335842460393906,0.0859137624502182,-0.17132651805877686,0.06459888070821762,-0.04698743298649788,-0.1710231453180313,0.018012547865509987,0.02385910414159298,0.04893961921334267,0.2369890958070755,0.008761255070567131,-0.11107607930898666,0.011888772249221802,0.06987927854061127,0.07063237577676773,-0.0020599234849214554,-0.02873193845152855,0.006312794052064419,-0.019935866817831993,0.036208510398864746,-0.013491574674844742,-0.05229460075497627,-0.0206574946641922,0.11194803565740585,-0.021714098751544952,0.015980692580342293,-0.07349976152181625,-0.08747970312833786,0.13485725224018097,0.08835142850875854,0.02177600748836994,0.020927488803863525,0.0012368477182462811,-0.04245276749134064,-0.018022846430540085,0.0619589202105999,0.027983184903860092,-0.026496194303035736,0.0034691491164267063
0.009919756092131138,0.025833431631326675,0.017743689939379692,-0.13813278079032898,-0.04380039498209953,-0.03360392525792122,-0.05110026150941849,0.01683209277689457,0.012627633288502693,0.3743135929107666,-0.11889394372701645,0.01937604323029518,-0.04429049789905548,0.26612207293510437,-0.14598050713539124,0.019284004345536232,0.38477110862731934,-0.11326717585325241,-0.12411198019981384,0.057966381311416626,-0.04199931025505066,0.012715080752968788,0.004134347662329674,0.00042355150799266994,0.00011396695481380448,0.4833403527736664,-0.01575806923210621,-0.0003012939414475113,0.03132854402065277,0.18154498934745789,-0.019106730818748474,-0.08602052927017212,0.04743241146206856,-0.02592366375029087,-0.05872791260480881,-0.004459312651306391,-0.011856797151267529,-0.07540268450975418,-0.0767626240849495,0.0691547766327858,0.007326771039515734,-0.001218155026435852,0.022449878975749016,0.01503264345228672,-0.04704830050468445,0.002303547225892544,0.06321986019611359,0.033673323690891266,0.01234552264213562,0.0034691491164267063
0.05974467843770981,0.013505718670785427,0.08365922421216965,0.08139748871326447,0.018679160624742508,-0.019584501162171364,-0.024824798107147217,-0.07879339158535004,-0.01576177217066288,-0.11002536118030548,0.2899123728275299,-0.046335842460393906,0.022804567590355873,-0.17132651805877686,-0.42405351996421814,-0.043950002640485764,0.4018523097038269,-0.1803036779165268,-0.049322232604026794,0.04893961921334267,0.2369890958070755,0.008761255070567131,-0.11107607930898666,0.10712029784917831,-0.06206816807389259,0.030121197924017906,-0.0028540196362882853,-0.09097198396921158,0.03095516748726368,-0.019935866817831993,0.014082408510148525,-0.08532650023698807,0.10169567167758942,0.04780285060405731,0.11194803565740585,-0.021714098751544952,0.015980692580342293,-0.07349976152181625,-0.08747970312833786,0.13579581677913666,0.03547617793083191,0.02177600748836994,0.020927488803863525,0.014457819052040577,0.9961414337158203,-0.018022846430540085,-0.18392148613929749,0.027983184903860092,-0.026496194303035736,0.0034691491164267063
0.0408189631998539,0.023778803646564484,0.017743689939379692,-0.13600149750709534,-0.017982395365834236,-0.015509873628616333,-0.05072217434644699,0.026656623929739,0.006465592887252569,-0.013157587498426437,-0.03332984447479248,-0.04093920439481735,0.10451433062553406,0.13473297655582428,-0.08388657122850418,-0.009985880926251411,0.08125226199626923,-0.18170031905174255,0.02305491268634796,0.036903899163007736,0.040429096668958664,0.007970491424202919,0.021754756569862366,0.026395777240395546,0.06532938778400421,0.04278095066547394,0.024542266502976418,-0.07483568787574768,0.03132854402065277,-0.02349141053855419,-0.005514996591955423,-0.0631166622042656,0.10316215455532074,-0.02592366375029087,-0.16405929625034332,0.014336079359054565,-0.03969430923461914,0.078356072306633,0.07193733006715775,-0.04066214710474014,0.007326771039515734,0.021831022575497627,-0.01637106016278267,0.01503264345228672,-0.04704830050468445,-0.008394555188715458,-0.0855693444609642,-0.009002667851746082,0.042006462812423706,0.0034691491164267063
0.009919756092131138,0.025833431631326675,0.017077874392271042,-0.13813278079032898,-0.04380039498209953,-0.03360392525792122,-0.06745153665542603,0.06857464462518692,-0.016862139105796814,0.3743135929107666,0.11244606226682663,0.042867228388786316,-0.04495476931333542,0.34031838178634644,-0.01909290999174118,-0.056375883519649506,-0.10401246696710587,0.011029588989913464,0.02305491268634796,-0.08044427633285522,-0.016636740416288376,0.030243707820773125,-0.007386696524918079,0.00042355150799266994,0.0729125440120697,0.032653145492076874,-0.01575806923210621,0.057328373193740845,-0.0457722507417202,-0.02349141053855419,0.029570676386356354,0.02086426317691803,-0.14175568521022797,-0.02592366375029087,-0.1718616783618927,0.04422382637858391,-0.011380947194993496,-0.0731191635131836,0.14025889337062836,-0.09416268765926361,0.007326771039515734,0.021831022575497627,0.022449878975749016,0.01503264345228672,-0.04704830050468445,-0.01820114627480507,0.06321986019611359,-0.10431240499019623,0.004224071744829416,0.010847632773220539
0.050861213356256485,0.008559406735002995,0.018409499898552895,-0.014513804577291012,0.07134787738323212,-0.01260930672287941,-0.024824798107147217,-0.07944837212562561,-0.01576177217066288,-0.013157587498426437,0.15681259334087372,-0.046335842460393906,-0.0037677339278161526,-0.17132651805877686,-0.2701684534549713,0.0170749519020319,0.3676898777484894,-0.13142289221286774,-0.049322232604026794,0.04893961921334267,0.2369890958070755,0.00862946268171072,-0.11141490936279297,0.10712029784917831,0.05167962983250618,0.29344403743743896,0.0015135050052776933,0.019676996394991875,0.03095516748726368,-0.019935866817831993,-0.0014058606466278434,-0.04992958530783653,0.10169567167758942,-0.0206574946641922,0.11194803565740585,-0.021714098751544952,0.015980692580342293,-0.07349976152181625,-0.08747970312833786,0.13579581677913666,0.007707165088504553,0.016605079174041748,0.020927488803863525,0.014457819052040577,1.0145237445831299,-0.018022846430540085,-0.43988946080207825,0.027983184903860092,-0.026496194303035736,0.0034691491164267063
0.053178638219833374,0.012820837087929249,0.017743689939379692,-0.13600149750709534,0.056889768689870834,-0.009018132463097572,-0.055826082825660706,0.06529978662729263,0.008446243591606617,-0.013157587498426437,-0.030160777270793915,-0.029828516766428947,0.09521405398845673,0.17492257058620453,0.08079730719327927,0.0018877503462135792,0.012927680276334286,-0.09650808572769165,0.02305491268634796,-0.13009154796600342,0.015066497027873993,0.012319699861109257,0.010911429300904274,0.0067411186173558235,0.05622953549027443,0.032653145492076874,0.020571798086166382,-0.05255221202969551,0.03132854402065277,-0.022306226193904877,0.013134143315255642,-0.03847762942314148,0.10316215455532074,-0.02592366375029087,-0.19429337978363037,0.012179222889244556,-0.04445284605026245,0.06998312473297119,0.08131477236747742,-0.13733862340450287,0.10623016208410263,0.021831022575497627,-0.06052038073539734,0.01503264345228672,-0.04245276749134064,-0.01820114627480507,-0.29866573214530945,-0.05594624578952789,0.05365899205207825,0.0034691491164267063
0.009919756092131138,0.025833431631326675,0.017743689939379692,-0.13600149750709534,-0.04380039498209953,-0.03360392525792122,-0.051856398582458496,0.02796657755970955,0.02253090962767601,0.3743135929107666,-0.10146421194076538,0.017471348866820335,-0.04429049789905548,0.26921355724334717,-0.08928603678941727,0.01873174123466015,0.35849249362945557,-0.0937148928642273,-0.11124491691589355,0.057966381311416626,-0.032488346099853516,0.014560204930603504,0.009894865565001965,0.00042355150799266994,-0.01656905934214592,0.36433863639831543,-0.01575806923210621,-0.0026064799167215824,0.03132854402065277,0.16969318687915802,-0.009624124504625797,-0.08602052927017212,0.06063154339790344,-0.02592366375029087,-0.09091252088546753,-0.002610590076074004,-0.01542571373283863,-0.07540268450975418,-0.06336621195077896,0.0494440495967865,0.007326771039515734,-0.00028298073448240757,0.022449878975749016,0.01503264345228672,-0.04704830050468445,0.0026601459830999374,0.06321986019611359,0.033673323690891266,0.012698624283075333,0.0034691491164267063
0.0346391387283802,0.02552904561161995,0.017743689939379692,-0.13600149750709534,-0.024178726598620415,-0.01827232725918293,-0.049777038395404816,0.029931481927633286,0.01614879071712494,-0.013157587498426437,-0.06977380067110062,-0.0345902293920517,0.06864175200462341,0.1563735008239746,-0.043390531092882156,-0.0025303445290774107,0.1141006201505661,-0.1607513278722763,0.022250719368457794,0.057966381311416626,0.015066497027873993,0.007970491424202919,0.020399337634444237,0.018440324813127518,0.048646364361047745,0.04784485325217247,0.01898360252380371,-0.05408898741006851,0.03132854402065277,-0.02349141053855419,-0.004566734656691551,-0.05791120231151581,0.10316215455532074,-0.02592366375029087,-0.1718616783618927,0.012179222889244556,-0.03826671466231346,0.05285650119185448,0.050503071397542953,-0.05661844462156296,0.007326771039515734,0.021831022575497627,-0.0003859702846966684,0.01503264345228672,-0.04704830050468445,-0.006611540447920561,0.01782654970884323,0.000955057330429554,0.03918161615729332,0.0034691491164267063
0.03850150480866432,0.02225686050951481,0.017743689939379692,-0.13600149750709534,0.005770160350948572,-0.015440821647644043,-0.051383789628744125,0.03910102695226669,0.014608284458518028,-0.013157587498426437,-0.05075954645872116,-0.02855870872735977,0.06399161368608475,0.17183108627796173,-0.01099370513111353,0.002163882600143552,0.09176375716924667,-0.1356126070022583,0.02305491268634796,-0.00822999607771635,-0.01346640381962061,0.008234078995883465,0.014638824388384819,0.009782912209630013,0.05926283448934555,0.030121197924017906,0.01898360252380371,-0.04640504717826843,0.03132854402065277,-0.022306226193904877,0.0017550081247463822,-0.05582902953028679,0.10316215455532074,-0.02592366375029087,-0.17381225526332855,0.009406135417521,-0.04040807858109474,0.05590119585394859,0.04246526211500168,-0.08008357882499695,0.032433006912469864,0.021831022575497627,-0.01637106016278267,0.01503264345228672,-0.04704830050468445,-0.013565304689109325,-0.0716991052031517,-0.01753787323832512,0.042712703347206116,0.0034691491164267063
0.05395113304257393,0.0257573239505291,0.08632241934537888,0.1112365573644638,0.05895523354411125,-0.02552376687526703,-0.02444673515856266,-0.08141326159238815,-0.01598184183239937,-0.013157587498426437,-0.03966790437698364,0.002868702867999673,0.16629493236541748,0.18883444368839264,0.31837400794029236,-0.03842737153172493,-0.169709250330925,-0.05461028590798378,-0.03967193514108658,0.05194854736328125,-0.07370258122682571,0.008497671224176884,-0.00908096507191658,0.024289924651384354,0.07139596343040466,0.04531290382146835,-0.014368404634296894,-0.059467751532793045,0.009299748577177525,-0.022306226193904877,0.0456911101937294,-0.013491574674844742,0.046699125319719315,-0.023290589451789856,0.11292333155870438,-0.022022215649485588,-0.06895937025547028,0.09852742403745651,-0.08881934732198715,-0.08383802324533463,0.06286480277776718,0.021831022575497627,-0.006475531961768866,0.012733335606753826,-0.04245276749134064,-0.009286066517233849,0.0619589202105999,0.027983184903860092,-0.026496194303035736,0.0034691491164267063
0.010305993258953094,0.0257573239505291,0.017743689939379692,-0.13600149750709534,-0.04380039498209953,-0.03360392525792122,-0.06461606174707413,0.04630570113658905,-0.01598184183239937,0.3743135929107666,0.007867707870900631,0.03778805956244469,-0.0416332371532917,0.32176920771598816,0.007904449477791786,-0.05195779725909233,-0.11977967619895935,0.04175463318824768,0.02305491268634796,-0.1797388195991516,-0.08321352303028107,0.029980110004544258,0.00176236720290035,0.001125502516515553,0.0729125440120697,0.030121197924017906,-0.01575806923210621,0.04503403976559639,-0.034944526851177216,-0.02349141053855419,0.039053283631801605,0.015658844262361526,-0.13955572247505188,-0.02592366375029087,-0.16308408975601196,0.030666468665003777,-0.00828789547085762,-0.07578326761722565,0.030408497899770737,-0.11105764657258987,0.007326771039515734,0.021831022575497627,0.022449878975749016,0.01503264345228672,-0.04704830050468445,-0.01820114627480507,0.06321986019611359,-0.10431240499019623,0.0049302829429507256,0.010847632773220539
0.02343815565109253,0.009092085063457489,0.047705281525850296,-0.13813278079032898,-0.016433309763669968,-0.02883869782090187,-0.053557682782411575,0.1000131368637085,0.062144022434949875,0.3743135929107666,0.03322004899382591,0.032073985785245895,-0.04495476931333542,0.32022354006767273,0.14289125800132751,0.019284004345536232,0.34403905272483826,0.026392115280032158,-0.11928677558898926,-0.1827477663755417,-0.032488346099853516,0.031561654061079025,-0.0012873216765001416,0.00042355150799266994,0.012247069738805294,0.032653145492076874,-0.01575806923210621,0.017371809110045433,0.016580453142523766,0.2822854220867157,0.016295021399855614,-0.0735275149345398,-0.011230546981096268,0.42960113286972046,-0.20209570229053497,-0.013394825160503387,-0.016853274777531624,-0.07540268450975418,-0.03791306912899017,-0.020012808963656425,0.02710743620991707,-0.003308531129732728,0.022449878975749016,-0.0504973828792572,-0.04704830050468445,0.015854476019740105,0.06321986019611359,0.033673323690891266,0.0183483324944973,0.0034691491164267063
0.03772905468940735,0.024539783596992493,0.017743689939379692,-0.13600149750709534,-0.02624414674937725,-0.016338618472218513,-0.05043864622712135,0.026001665741205215,0.010426905006170273,-0.013157587498426437,-0.03332984447479248,-0.042526453733444214,0.1005285456776619,0.1316414624452591,-0.11358366906642914,-0.012194927781820297,0.08782186359167099,-0.1928730010986328,0.02305491268634796,0.057966381311416626,0.04359941557049751,0.007970491424202919,0.024804439395666122,0.029203588142991066,0.06684596091508865,0.12127138674259186,0.024542266502976418,-0.07714086771011353,0.03132854402065277,-0.022306226193904877,-0.0077276043593883514,-0.06589286029338837,0.10316215455532074,-0.02592366375029087,-0.15138061344623566,0.01587667688727379,-0.03874259814620018,0.07949789613485336,0.07327694445848465,-0.02189001627266407,0.007326771039515734,0.021831022575497627,-0.007236725650727749,0.01503264345228672,-0.04704830050468445,-0.008572857826948166,-0.04774156212806702,-0.009002667851746082,0.04094715416431427,0.0034691491164267063
0.047385040670633316,0.022789550945162773,0.07766693085432053,0.03877026215195656,0.06670063734054565,-0.021656332537531853,-0.024824798107147217,-0.07879339158535004,-0.01576177217066288,-0.11002536118030548,-0.21396519243717194,-0.046335842460393906,-0.04296186566352844,-0.17132651805877686,-0.0865863710641861,-0.019374338909983635,0.4320726990699768,-0.21661505103111267,-0.12652449309825897,0.04893961921334267,0.2369890958070755,0.008761255070567131,-0.11141490936279297,0.006975105032324791,-0.19249892234802246,0.030121197924017906,-0.015361012890934944,0.005077477544546127,0.03095516748726368,0.14954505860805511,0.018191542476415634,-0.046112265437841415,-0.0024311013985425234,-0.0206574946641922,0.11194803565740585,-0.021714098751544952,0.015980692580342293,-0.07349976152181625,-0.08747970312833786,0.13579581677913666,0.12410884350538254,0.009673814289271832,0.02054690010845661,-0.10453090071678162,0.3068089187145233,-0.018022846430540085,0.039262279868125916,0.027983184903860092,-0.026496194303035736,-0.026044808328151703
0.052792418748140335,0.0257573239505291,0.06701384484767914,-0.03369607776403427,-0.04380039498209953,-0.031670209020376205,-0.04807575047016144,0.021416891366243362,-0.01598184183239937,-0.013157587498426437,-0.07135829329490662,0.028264576569199562,0.06465592235326767,0.24448148906230927,0.12669290602207184,-0.040636420249938965,-0.169709250330925,0.03337506949901581,0.015013009309768677,0.05194854736328125,-0.032488346099853516,0.008497671224176884,-0.013824922032654285,0.007209089118987322,0.07139596343040466,0.030121197924017906,-0.015559538267552853,-0.01874278485774994,-0.007688563782721758,-0.022306226193904877,0.03810504078865051,-0.010021273046731949,-0.046428337693214417,-0.02592366375029087,-0.14942999184131622,-0.022330330684781075,-0.024704867973923683,0.09814685583114624,-0.09015897661447525,-0.08759249746799469,0.06590797007083893,0.021831022575497627,0.022449878975749016,-0.015433061867952347,-0.04704830050468445,-0.01820114627480507,0.06321986019611359,0.033673323690891266,-0.026849307119846344,0.0034691491164267063
0.035797860473394394,0.0257573239505291,0.017743689939379692,-0.13600149750709534,-0.024695079773664474,-0.01585518941283226,-0.0502496175467968,0.023381780833005905,0.009546613320708275,-0.013157587498426437,-0.05075954645872116,-0.03839961811900139,0.11049317568540573,0.14709895849227905,-0.027192119508981705,-0.008052962832152843,0.06417112797498703,-0.16633768379688263,0.02305491268634796,-0.020265702158212662,0.03725877031683922,0.007970491424202919,0.0190439336001873,0.02218407578766346,0.06532938778400421,0.030121197924017906,0.023152600973844528,-0.07099370658397675,0.03132854402065277,-0.02349141053855419,0.001438919105567038,-0.05027659982442856,0.10316215455532074,-0.02592366375029087,-0.18258990347385406,0.01310358289629221,-0.04183564707636833,0.07455018162727356,0.07729586213827133,-0.07257472723722458,0.007326771039515734,0.021831022575497627,-0.02816958911716938,0.01503264345228672,-0.04704830050468445,-0.00910776387900114,-0.01117472443729639,0.002377586904913187,0.03706297650933266,0.0034691491164267063
0.02923174947500229,0.0257573239505291,0.017743689939379692,-0.13600149750709534,-0.028309592977166176,-0.01785796508193016,-0.04968250170350075,0.02403675578534603,0.011307194828987122,-0.013157587498426437,-0.05075954645872116,-0.03300299867987633,0.06000576168298721,0.1548278033733368,-0.0919857919216156,-0.0017019519582390785,0.12855391204357147,-0.167734295129776,0.00857948511838913,0.057966381311416626,-0.01346640381962061,0.007970491424202919,0.017688505351543427,0.01773837022483349,0.06684596091508865,0.032653145492076874,0.020373273640871048,-0.05332060903310776,0.03132854402065277,-0.022306226193904877,-0.0048828222788870335,-0.06762804090976715,0.10316215455532074,-0.02592366375029087,-0.1474793702363968,0.010638617910444736,-0.03779089078307152,0.05666238069534302,0.02638958767056465,-0.03503049537539482,0.007326771039515734,0.021831022575497627,0.002278213854879141,0.01503264345228672,-0.04704830050468445,-0.01017757412046194,0.03169669583439827,0.0038001250941306353,0.0384753942489624,0.0034691491164267063
0.05819975584745407,0.025681234896183014,0.031059952452778816,0.11336790770292282,-0.014367876574397087,-0.030841462314128876,-0.02491932362318039,-0.07879339158535004,-0.01576177217066288,-0.11002536118030548,-0.07928091287612915,-0.046335842460393906,0.12577222287654877,0.06053672358393669,0.17528805136680603,-0.03980802744626999,-0.169709250330925,0.03477167710661888,0.013404631055891514,0.04893961921334267,0.2369890958070755,0.00862946268171072,-0.11141490936279297,0.01680244319140911,0.06987927854061127,0.11367560178041458,0.00210907612927258,-0.044099852442741394,0.007806271780282259,-0.019935866817831993,0.029570676386356354,-0.007592079229652882,-0.008297400549054146,-0.0206574946641922,0.11194803565740585,-0.021714098751544952,0.015980692580342293,-0.07349976152181625,-0.08747970312833786,0.13485725224018097,0.08987303823232651,0.02177600748836994,0.020927488803863525,-0.009109999053180218,-0.04245276749134064,-0.01784454844892025,0.0619589202105999,0.027983184903860092,-0.026496194303035736,-0.003909338265657425
0.05395113304257393,0.0257573239505291,0.09031732380390167,0.14107556641101837,0.06515154987573624,-0.023451924324035645,-0.02444673515856266,-0.08206820487976074,-0.01598184183239937,-0.013157587498426437,-0.04917503893375397,0.0012814586516469717,0.1696164757013321,0.18419711291790009,0.3345724940299988,-0.03815125674009323,-0.169709250330925,-0.06997282058000565,-0.03967193514108658,0.05194854736328125,-0.07687286287546158,0.008497671224176884,-0.008742108009755611,0.024289924651384354,0.07139596343040466,0.03771703317761421,-0.015361012890934944,-0.06100454181432724,0.010793228633701801,-0.022306226193904877,0.046639394015073776,-0.015920767560601234,0.05109883099794388,-0.023290589451789856,0.11292333155870438,-0.022022215649485588,-0.06753179430961609,0.09852742403745651,-0.08881934732198715,-0.08196082711219788,0.06324520707130432,0.021831022575497627,-0.01637106016278267,0.013882996514439583,-0.04245276749134064,-0.008037950843572617,0.0619589202105999,0.027983184903860092,-0.026496194303035736,0.0034691491164267063
0.053178638219833374,0.0257573239505291,0.06634805351495743,0.0046684532426297665,0.021260946989059448,-0.029322126880288124,-0.025864478200674057,-0.015261387452483177,-0.01598184183239937,-0.013157587498426437,-0.020653676241636276,0.015566647984087467,0.13307960331439972,0.21665793657302856,0.2427816241979599,-0.04201707988977432,-0.169709250330925,0.006839802488684654,-0.007504317909479141,0.05194854736328125,-0.07370258122682571,0.008497671224176884,-0.010436379350721836,0.018440324813127518,0.0729125440120697,0.08582410961389542,-0.01178758218884468,-0.045636650174856186,0.0007122509996406734,-0.022306226193904877,0.04411069303750992,-0.00550990691408515,0.00856819935142994,-0.023290589451789856,0.11292333155870438,-0.022022215649485588,-0.05706294625997543,0.09852742403745651,-0.08881934732198715,-0.09040828794240952,0.05791962146759033,0.021831022575497627,0.022069284692406654,-0.002786924596875906,-0.04245276749134064,-0.01588323526084423,0.0619589202105999,0.027983184903860092,-0.026496194303035736,0.0034691491164267063
0.05510982871055603,0.0186042208224535,0.018409499898552895,0.05795251205563545,-0.024178726598620415,-0.02593812346458435,-0.02491932362318039,-0.07879339158535004,-0.01576177217066288,-0.11002536118030548,0.01262127235531807,-0.04665328189730644,-0.04362618923187256,0.2042919248342514,-0.03529133275151253,0.03502348065376282,0.07599648833274841,-0.008522724732756615,0.02305491268634796,0.05044408515095711,-0.04199931025505066,0.00862946268171072,0.03768090531229973,0.02124812640249729,-0.15609975159168243,0.3592747747898102,-0.015361012890934944,0.018140200525522232,-0.020383119583129883,-0.019935866817831993,0.026409801095724106,0.01912912167608738,0.10096234083175659,-0.0206574946641922,0.11194803565740585,-0.021714098751544952,0.015980692580342293,-0.07349976152181625,-0.08747970312833786,0.13485725224018097,0.007707165088504553,0.02067580819129944,0.022069284692406654,0.014457819052040577,0.2930223047733307,-0.018022846430540085,-0.04143694415688515,0.027983184903860092,-0.026496194303035736,-0.08507270365953445
0.03850150480866432,0.021191511303186417,0.017743689939379692,0.08992291986942291,-0.04380039498209953,-0.02683592215180397,-0.06764059513807297,0.02403675578534603,-0.01598184183239937,-0.013157587498426437,0.052234288305044174,0.01969347894191742,-0.04429049789905548,0.3047659397125244,-0.043390531092882156,-0.003634868888184428,0.07074078917503357,0.037564847618341446,0.02305491268634796,0.05194854736328125,-0.09589483588933945,0.008497671224176884,0.022093618288636208,0.00042355150799266994,0.024380169808864594,0.030121197924017906,-0.015559538267552853,0.023518970236182213,-0.028410568833351135,-0.022306226193904877,0.024513280019164085,0.010453407652676105,-0.09409196674823761,-0.023290589451789856,0.11292333155870438,-0.022330330684781075,0.0036084724124521017,-0.07540268450975418,-0.08881934732198715,-0.06788172572851181,0.007326771039515734,0.018860485404729843,0.022449878975749016,0.01503264345228672,-0.04704830050468445,-0.01820114627480507,-0.043958790600299835,-0.16974885761737823,-0.026849307119846344,0.0034691491164267063
0.040046483278274536,0.022789550945162773,0.017743689939379692,-0.13600149750709534,-0.009204276837408543,-0.014888335019350052,-0.05119476467370987,0.026001665741205215,0.01724916137754917,-0.013157587498426437,-0.06343573331832886,-0.03522512689232826,0.06864175200462341,0.13473297655582428,-0.17297793924808502,-0.012194927781820297,0.13643747568130493,-0.19566619396209717,0.010187866166234016,0.057966381311416626,0.04359941557049751,0.007970491424202919,0.02141590788960457,0.025927817448973656,0.06532938778400421,0.16178257763385773,0.01898360252380371,-0.07483568787574768,0.03132854402065277,-0.022306226193904877,-0.006463253870606422,-0.08428541570901871,0.10316215455532074,-0.02592366375029087,-0.1221218928694725,0.016492927446961403,-0.03636331483721733,0.08178144693374634,0.06389947980642319,0.01471563521772623,0.007326771039515734,0.021831022575497627,-0.019035251811146736,0.01503264345228672,-0.04245276749134064,-0.011247379705309868,-0.056568048894405365,-0.01753787323832512,0.04306579381227493,0.0034691491164267063
0.05395113304257393,0.018908601254224777,0.018409499898552895,0.04303295910358429,-0.020047830417752266,-0.02621437795460224,-0.02491932362318039,-0.07879339158535004,-0.015541699714958668,-0.11002536118030548,-0.003223935142159462,-0.04665328189730644,-0.04362618923187256,0.2042919248342514,-0.03529133275151253,0.03364283964037895,0.07074078917503357,-0.0015397561946883798,0.02305491268634796,0.05044408515095711,-0.05468064174056053,0.00862946268171072,0.03700319677591324,0.020078204572200775,-0.17278267443180084,0.3010398745536804,-0.015361012890934944,0.012761433608829975,-0.019823066890239716,-0.019935866817831993,0.027358049526810646,0.01808803714811802,0.10096234083175659,-0.0206574946641922,0.11194803565740585,-0.021714098751544952,0.015980692580342293,-0.07349976152181625,-0.08747970312833786,0.13485725224018097,0.007707165088504553,0.02040075697004795,0.022069284692406654,0.014457819052040577,0.2562579810619354,-0.018022846430540085,-0.03765416145324707,0.027983184903860092,-0.026496194303035736,-0.10720814019441605
0.020734475925564766,0.020126154646277428,0.04504203423857689,-0.13813278079032898,-0.02056419663131237,-0.03049616329371929,-0.0534631721675396,0.0751243382692337,0.049379803240299225,0.3743135929107666,-0.011146532371640205,0.02953438274562359,-0.04429049789905548,0.3032202422618866,0.07809755951166153,0.019284004345536232,0.31513258814811707,-0.00991931464523077,-0.10400710999965668,-0.08044427633285522,-0.045169632881879807,0.028266796842217445,-0.001626175595447421,0.00042355150799266994,0.015280338935554028,0.07063237577676773,-0.01575806923210621,0.01122464332729578,0.022554371505975723,0.23961882293224335,0.007444573566317558,-0.07803884148597717,0.015901068225502968,0.27161547541618347,-0.19429337978363037,-0.008156764321029186,-0.018994618207216263,-0.07540268450975418,-0.03791306912899017,-0.005933710373938084,0.018358301371335983,-0.003308531129732728,0.022449878975749016,-0.030953342095017433,-0.04704830050468445,0.00961390882730484,0.06321986019611359,0.033673323690891266,0.020113855600357056,0.0034691491164267063
0.021506959572434425,0.0257573239505291,0.017743689939379692,-0.13600149750709534,-0.04380039498209953,-0.018962953239679337,-0.04410606250166893,-0.023120995610952377,-0.01664205640554428,-0.013157587498426437,-0.07769639790058136,-0.048240501433610916,0.10650728642940521,0.058990947902202606,-0.23507177829742432,-0.019650468602776527,0.1141006201505661,-0.2613060772418976,0.009383676573634148,0.057966381311416626,0.008725861087441444,0.007970491424202919,0.030226120725274086,0.0369250550866127,0.0729125440120697,0.1567186862230301,0.030895035713911057,-0.09250877797603607,0.03132854402065277,-0.022306226193904877,-0.007095431908965111,-0.08602052927017212,0.10316215455532074,-0.02592366375029087,-0.06457968801259995,0.013719823211431503,-0.032794393599033356,0.08254260569810867,0.04380490630865097,0.054137080907821655,0.007326771039515734,0.021831022575497627,0.022449878975749016,0.01503264345228672,-0.04704830050468445,0.0008771297289058566,0.0619589202105999,0.033673323690891266,0.023644929751753807,0.0034691491164267063
0.050474949181079865,0.017006170004606247,0.017743689939379692,-0.13600149750709534,0.03055543825030327,-0.012125881388783455,-0.05440833047032356,0.058095138520002365,0.010646969079971313,-0.013157587498426437,-0.05709761381149292,-0.031098270788788795,0.0972069650888443,0.18110553920269012,0.10779472440481186,0.002440014621242881,0.00767194340005517,-0.08673198521137238,0.02305491268634796,-0.12557817995548248,0.03091811202466488,0.01086996216326952,0.012266845442354679,0.009080957621335983,0.05167962983250618,0.032653145492076874,0.019380653277039528,-0.05255221202969551,0.03132854402065277,-0.02349141053855419,0.016295021399855614,-0.031537048518657684,0.10316215455532074,-0.02592366375029087,-0.20209570229053497,0.011562982574105263,-0.04445284605026245,0.063893623650074,0.07729586213827133,-0.14109303057193756,0.07693948596715927,0.021831022575497627,-0.05443081259727478,0.01503264345228672,-0.04245276749134064,-0.016774728894233704,-0.22805391252040863,-0.04029839485883713,0.0487154945731163,0.0034691491164267063
0.013395912945270538,0.0257573239505291,0.05702667310833931,0.22206752002239227,-0.04380039498209953,-0.03360392525792122,-0.05525897443294525,0.02927650883793831,-0.01598184183239937,-0.013157587498426437,-0.12206299602985382,0.029216932132840157,0.026790428906679153,0.26921355724334717,0.029502322897315025,-0.04229322075843811,-0.169709250330925,0.03477167710661888,0.02305491268634796,0.05194854736328125,-0.01346640381962061,0.008497671224176884,-0.0063701351173222065,0.004167295526713133,0.07139596343040466,0.030121197924017906,-0.015559538267552853,-0.0018380846595391631,-0.019076339900493622,-0.022306226193904877,0.03399587795138359,-0.004121794365346432,-0.08455921709537506,-0.02592366375029087,-0.14942999184131622,-0.022330330684781075,-0.025418657809495926,0.015177967958152294,-0.09015897661447525,-0.09228549152612686,0.02900942787528038,0.021831022575497627,0.022449878975749016,0.01503264345228672,-0.04704830050468445,-0.01820114627480507,0.06321986019611359,-0.04456598311662674,-0.026849307119846344,0.0034691491164267063
0.04622630402445793,0.024996355175971985,0.06168734282255173,0.013193901628255844,0.061020657420158386,-0.02497127838432789,-0.024824798107147217,-0.07944837212562561,-0.01576177217066288,-0.013157587498426437,-0.2567472457885742,-0.046335842460393906,-0.04296186566352844,-0.17132651805877686,-0.0919857919216156,-0.0188220776617527,0.4320726990699768,-0.2668924629688263,-0.13456633687019348,0.04893961921334267,0.2369890958070755,0.00862946268171072,-0.11141490936279297,0.00018956880376208574,-0.19704890251159668,0.030121197924017906,-0.015361012890934944,0.01583501324057579,0.03095516748726368,0.19458195567131042,0.013134143315255642,-0.04125385731458664,-0.02589627541601658,-0.0206574946641922,0.11194803565740585,-0.021714098751544952,0.015980692580342293,-0.07349976152181625,-0.08747970312833786,0.13579581677913666,0.16024668514728546,0.010994059965014458,0.02054690010845661,-0.12177564203739166,0.2700446546077728,-0.018022846430540085,0.0619589202105999,0.027983184903860092,-0.026496194303035736,-0.026044808328151703
0.05395113304257393,0.01883251592516899,0.019075307995080948,0.04090161621570587,-0.02676052413880825,-0.026007190346717834,-0.02491932362318039,-0.07879339158535004,-0.015541699714958668,-0.11002536118030548,0.020543867722153664,-0.04665328189730644,-0.04362618923187256,0.19965463876724243,-0.03529133275151253,0.035299599170684814,0.06942684948444366,-0.00991931464523077,0.02305491268634796,0.05044408515095711,-0.05785094574093819,0.00862946268171072,0.0400528684258461,0.01773837022483349,-0.15609975159168243,0.31116771697998047,-0.015361012890934944,0.016603415831923485,-0.020756490528583527,-0.019935866817831993,0.027358049526810646,0.017393983900547028,0.10022904723882675,-0.0206574946641922,0.11194803565740585,-0.021714098751544952,0.015980692580342293,-0.07349976152181625,-0.08747970312833786,0.13485725224018097,0.007707165088504553,0.020950859412550926,0.022069284692406654,0.014457819052040577,0.2562579810619354,-0.018022846430540085,-0.04017602279782295,0.027983184903860092,-0.026496194303035736,-0.12196516990661621
0.047771286219358444,0.01959347538650036,0.018409499898552895,0.05795251205563545,-0.021596914157271385,-0.02552376687526703,-0.02491932362318039,-0.07879339158535004,-0.01576177217066288,-0.11002536118030548,-0.0016394148115068674,-0.04665328189730644,-0.04362618923187256,-0.17287231981754303,-0.021792642772197723,0.014865909703075886,0.027380960062146187,0.004046619404107332,0.02305491268634796,0.05044408515095711,-0.04199931025505066,0.00862946268171072,0.0325981080532074,0.004635263234376907,-0.1409333199262619,0.030121197924017906,-0.015559538267552853,0.002772290725260973,-0.017582857981324196,-0.02112104371190071,0.028306320309638977,0.010453407652676105,0.05916494503617287,-0.023290589451789856,0.11292333155870438,-0.022022215649485588,-0.0054327682591974735,-0.0750221237540245,-0.08881934732198715,0.01377702783793211,0.007707165088504553,0.019795656204223633,0.022069284692406654,0.014457819052040577,-0.04245276749134064,-0.018022846430540085,-0.02630583569407463,0.027983184903860092,-0.026496194303035736,-0.11458663642406464
0.0408189631998539,0.024007102474570274,0.017743689939379692,-0.13600149750709534,-0.019531480967998505,-0.015509873628616333,-0.05043864622712135,0.02534669078886509,0.004925082437694073,-0.013157587498426437,-0.030160777270793915,-0.041256628930568695,0.10650728642940521,0.1331871896982193,-0.08118688315153122,-0.009985880926251411,0.07731042802333832,-0.18170031905174255,0.02305491268634796,0.03539947047829628,0.040429096668958664,0.007970491424202919,0.022093618288636208,0.025927817448973656,0.0638127475976944,0.03518509492278099,0.024740781635046005,-0.07483568787574768,0.03132854402065277,-0.02349141053855419,-0.005514996591955423,-0.06242259591817856,0.10316215455532074,-0.02592366375029087,-0.16600991785526276,0.014027942903339863,-0.03969430923461914,0.0791173055768013,0.07461655884981155,-0.04347796365618706,0.007326771039515734,0.021831022575497627,-0.016751669347286224,0.01503264345228672,-0.04245276749134064,-0.007859654724597931,-0.0868302658200264,-0.007580137345939875,0.04165336489677429,0.0034691491164267063
0.038115277886390686,0.024159293621778488,0.017743689939379692,-0.13600149750709534,-0.01746603287756443,-0.015786129981279373,-0.05072217434644699,0.02534669078886509,0.016368869692087173,-0.013157587498426437,-0.06343573331832886,-0.034907691180706024,0.06664886325597763,0.13937026262283325,-0.15947921574115753,-0.010814279317855835,0.13643747568130493,-0.19147634506225586,0.010187866166234016,0.057966381311416626,0.040429096668958664,0.007970491424202919,0.021754756569862366,0.024991873651742935,0.062296122312545776,0.15925069153308868,0.01838802918791771,-0.07099370658397675,0.03132854402065277,-0.022306226193904877,-0.005514996591955423,-0.08220324665307999,0.10316215455532074,-0.02592366375029087,-0.12699826061725616,0.016492927446961403,-0.03636331483721733,0.07759492844343185,0.061220161616802216,0.006268172524869442,0.007326771039515734,0.021831022575497627,-0.015990469604730606,0.01503264345228672,-0.04245276749134064,-0.01017757412046194,-0.02630583569407463,-0.01327026728540659,0.04165336489677429,0.0034691491164267063
0.039274007081985474,0.023322228342294693,0.017743689939379692,-0.13600149750709534,-0.011786072514951229,-0.015026464127004147,-0.05110026150941849,0.024691728875041008,0.017029087990522385,-0.013157587498426437,-0.06660473346710205,-0.034907691180706024,0.06797748804092407,0.1362786889076233,-0.17027808725833893,-0.01164267398416996,0.13643747568130493,-0.19426961243152618,0.010187866166234016,0.057966381311416626,0.046769727021455765,0.007970491424202919,0.02141590788960457,0.025927817448973656,0.06532938778400421,0.16178257763385773,0.018586549907922745,-0.07406727224588394,0.03132854402065277,-0.022306226193904877,-0.006463253870606422,-0.08393839001655579,0.10316215455532074,-0.02592366375029087,-0.1221218928694725,0.016492927446961403,-0.03636331483721733,0.08063962310552597,0.061220161616802216,0.015654245391488075,0.007326771039515734,0.021831022575497627,-0.017893461510539055,0.01503264345228672,-0.04245276749134064,-0.011425687000155449,-0.04521970823407173,-0.016115335747599602,0.042359571903944016,0.0034691491164267063
0.0547235943377018,0.018756410107016563,0.018409499898552895,0.068609319627285,-0.015400595031678677,-0.025178449228405952,-0.02491932362318039,-0.07879339158535004,-0.01576177217066288,-0.11002536118030548,0.020543867722153664,-0.04665328189730644,-0.04362618923187256,0.19501732289791107,-0.027192119508981705,0.036680255085229874,0.08256621658802032,-0.007126131094992161,0.02305491268634796,0.05044408515095711,-0.06419157981872559,0.00862946268171072,0.04073059558868408,0.01984422840178013,-0.14396660029888153,0.29597607254981995,-0.015162497758865356,0.016603415831923485,-0.02019643783569336,-0.019935866817831993,0.025777626782655716,0.016005864366889,0.10169567167758942,-0.0206574946641922,0.11194803565740585,-0.021714098751544952,0.015980692580342293,-0.07349976152181625,-0.08747970312833786,0.13485725224018097,0.007707165088504553,0.02067580819129944,0.022069284692406654,0.014457819052040577,0.2930223047733307,-0.018022846430540085,-0.04143694415688515,0.027983184903860092,-0.026496194303035736,-0.08507270365953445
0.038887735456228256,0.025072459131479263,0.017743689939379692,-0.13600149750709534,-0.02056419663131237,-0.016200494021177292,-0.05072217434644699,0.022726817056536674,0.014388211071491241,-0.013157587498426437,-0.05234409123659134,-0.0374472551047802,0.09056388586759567,0.15173621475696564,-0.07038792222738266,-0.008052962832152843,0.09439162164926529,-0.167734295129776,0.02305491268634796,0.01283249817788601,0.040429096668958664,0.007970491424202919,0.01938278041779995,0.021482111886143684,0.060779452323913574,0.030121197924017906,0.020571798086166382,-0.06945689022541046,0.03132854402065277,-0.02349141053855419,-0.005831081885844469,-0.0665869414806366,0.10316215455532074,-0.02592366375029087,-0.1708863526582718,0.014027942903339863,-0.04040807858109474,0.06998312473297119,0.06389947980642319,-0.04910958930850029,0.007326771039515734,0.021831022575497627,-0.019415851682424545,0.01503264345228672,-0.04245276749134064,-0.010712477378547192,-0.006131034344434738,-0.004735073074698448,0.03776920959353447,0.0034691491164267063
0.04699881002306938,0.02317003160715103,0.07167455554008484,0.04303295910358429,0.06773337721824646,-0.021656332537531853,-0.024824798107147217,-0.07879339158535004,-0.01576177217066288,-0.11002536118030548,-0.22188766300678253,-0.046335842460393906,-0.04296186566352844,-0.17132651805877686,-0.0919857919216156,-0.021031124517321587,0.4320726990699768,-0.2571161985397339,-0.12411198019981384,0.04893961921334267,0.2369890958070755,0.00862946268171072,-0.11141490936279297,0.0022954237647354603,-0.20463210344314575,0.030121197924017906,-0.015361012890934944,0.00968785211443901,0.03095516748726368,0.1779894381761551,0.014714584685862064,-0.04472413286566734,-0.01709683984518051,-0.0206574946641922,0.11194803565740585,-0.021714098751544952,0.015980692580342293,-0.07349976152181625,-0.08747970312833786,0.13579581677913666,0.14997580647468567,0.011544154956936836,0.02054690010845661,-0.11430291086435318,0.32059571146965027,-0.018022846430540085,0.0430450513958931,0.027983184903860092,-0.026496194303035736,-0.026044808328151703
0.05935845896601677,0.014038384892046452,0.08299342542886734,0.08352882415056229,0.006802877876907587,-0.02151820808649063,-0.024824798107147217,-0.07879339158535004,-0.01576177217066288,-0.11002536118030548,0.3041731119155884,-0.046335842460393906,0.03144056722521782,-0.17132651805877686,-0.42405351996421814,-0.040360309183597565,0.4057939946651459,-0.17052750289440155,-0.055755723267793655,0.04893961921334267,0.2369890958070755,0.00862946268171072,-0.11141490936279297,0.10712029784917831,-0.06965135782957077,0.030121197924017906,-0.003251065732911229,-0.09097198396921158,0.03095516748726368,-0.019935866817831993,0.014714584685862064,-0.08532650023698807,0.10169567167758942,0.13732796907424927,0.11194803565740585,-0.021714098751544952,0.015980692580342293,-0.07349976152181625,-0.08747970312833786,0.13579581677913666,0.03547617793083191,0.02177600748836994,0.020927488803863525,0.014457819052040577,0.9823547005653381,-0.018022846430540085,-0.16500762104988098,0.027983184903860092,-0.026496194303035736,0.0034691491164267063
0.0346391387283802,0.02362661249935627,0.018409499898552895,-0.13387008011341095,-0.04328404366970062,-0.029460251331329346,-0.024824798107147217,0.02731161005795002,-0.01576177217066288,-0.11002536118030548,-0.004808457102626562,-0.04665328189730644,-0.0416332371532917,-0.17750948667526245,-0.05688921734690666,0.0007832281989976764,-0.11189612746238708,-0.012712505646049976,0.02305491268634796,0.05044408515095711,-0.12125740200281143,0.00862946268171072,0.0258210226893425,0.00042355150799266994,-0.09543422609567642,0.030121197924017906,-0.015361012890934944,0.005077477544546127,-0.02635704167187214,-0.02112104371190071,0.041581977158784866,-0.0016925908857956529,-0.055227767676115036,-0.023290589451789856,0.11292333155870438,-0.022022215649485588,0.01621861755847931,-0.04761957377195358,-0.08881934732198715,-0.08102218061685562,0.007707165088504553,0.02177600748836994,0.022069284692406654,0.014457819052040577,-0.04245276749134064,-0.018022846430540085,-0.01495750155299902,0.027983184903860092,-0.026496194303035736,-0.4097263514995575
0.012237193062901497,0.0173866655677557,0.028396692126989365,-0.13813278079032898,-0.036571357399225235,-0.03360392525792122,-0.05195092037320137,0.06988461315631866,0.042557522654533386,0.27744582295417786,0.01262127235531807,0.03270886465907097,-0.04429049789905548,0.30631181597709656,0.03220205754041672,0.019007878378033638,0.4031664729118347,-0.028075028210878372,-0.1313495635986328,0.057966381311416626,-0.04199931025505066,0.026685258373618126,0.008878306485712528,0.00042355150799266994,-0.01505240797996521,0.146590918302536,-0.01575806923210621,0.021982179954648018,0.024234537035226822,0.2585817277431488,-0.0007736876141279936,-0.08602052927017212,0.00856819935142994,0.22948603332042694,-0.16503466665744781,-0.014011061750352383,-0.011143018491566181,-0.07540268450975418,-0.04461127147078514,0.007206776645034552,0.007326771039515734,-0.003308531129732728,0.022449878975749016,-0.036126770079135895,-0.04704830050468445,0.014071458950638771,0.06321986019611359,0.033673323690891266,0.013757954351603985,0.0034691491164267063
0.048157524317502975,0.02362661249935627,0.07234038412570953,0.04303295910358429,0.042948074638843536,-0.023659108206629753,-0.024824798107147217,-0.07879339158535004,-0.01576177217066288,-0.11002536118030548,-0.2535780370235443,-0.046335842460393906,-0.04296186566352844,-0.17132651805877686,0.04570075869560242,-0.01136653870344162,0.42156118154525757,-0.17052750289440155,-0.12491609901189804,0.04893961921334267,0.2369890958070755,0.00862946268171072,-0.11141490936279297,0.004167295526713133,-0.05903487652540207,0.030121197924017906,-0.015361012890934944,0.012761433608829975,0.03095516748726368,0.15191532671451569,0.00301935663446784,-0.06138152256608009,-0.06622708588838577,-0.0206574946641922,0.11194803565740585,-0.021714098751544952,0.015980692580342293,-0.07349976152181625,-0.08747970312833786,0.13579581677913666,0.025585858151316643,0.007803481072187424,0.02054690010845661,-0.03325263783335686,0.1459648162126541,-0.01178229320794344,0.0619589202105999,0.027983184903860092,-0.026496194303035736,-0.026044808328151703
0.03772905468940735,0.024996355175971985,0.017743689939379692,-0.13600149750709534,-0.013335161842405796,-0.015440821647644043,-0.051005735993385315,0.022726817056536674,0.01570865325629711,-0.013157587498426437,-0.06185120344161987,-0.031098270788788795,0.09454977512359619,0.1563735008239746,-0.04879000037908554,-0.008052962832152843,0.08913585543632507,-0.167734295129776,0.02305491268634796,-0.026283560320734978,0.034088436514139175,0.007970491424202919,0.017349665984511375,0.019376253709197044,0.05926283448934555,0.032653145492076874,0.019777696579694748,-0.06792011857032776,0.03132854402065277,-0.022306226193904877,-0.0014058606466278434,-0.05721716582775116,0.10316215455532074,-0.02592366375029087,-0.18063926696777344,0.013411711901426315,-0.041597720235586166,0.07188604772090912,0.07193733006715775,-0.06600452959537506,0.010369949042797089,0.021831022575497627,-0.031214386224746704,0.01503264345228672,-0.04704830050468445,-0.010712477378547192,0.0140437763184309,-0.0033125379122793674,0.03706297650933266,0.0034691491164267063
0.010692237876355648,0.02180028147995472,0.018409499898552895,-0.09124285727739334,-0.04276764392852783,-0.030634291470050812,-0.02491932362318039,-0.07879339158535004,-0.01576177217066288,-0.11002536118030548,0.053818829357624054,-0.046335842460393906,-0.04296186566352844,-0.17132651805877686,-0.0298918504267931,-0.03621833026409149,0.12329815328121185,0.05432397127151489,0.010992058552801609,0.04893961921334267,0.2369890958070755,0.00862946268171072,-0.00027075724210590124,0.005805185064673424,0.06987927854061127,0.030121197924017906,-0.015361012890934944,0.08191701769828796,-0.023930132389068604,0.0239158496260643,0.03557632490992546,-0.015226716175675392,-0.14248889684677124,-0.0206574946641922,0.11194803565740585,-0.021714098751544952,0.015980692580342293,-0.07349976152181625,-0.08747970312833786,0.13485725224018097,0.007707165088504553,0.019795656204223633,0.022069284692406654,0.014457819052040577,-0.04245276749134064,-0.018022846430540085,0.025392096489667892,0.027983184903860092,-0.026496194303035736,0.0034691491164267063
